dataid;date;timestamp;countid;siteid;speciesid;speciesname;direction1;direction2;local;remarkable;remarkablelocal;age;sex;plumage;remark;height;location;migtype;counttype;year;yday;exactdirection1;exactdirection2;sightingdirection;groupid;submitted;Epoch_datetime;Epoch_tijdstip
4670289;2003-12-10;10:15:00;10097;74;20;Aalscholver;453;0;0;False;False;;;;;;;;;2003;285;;;;;;1065953700;1065953700
4670316;2003-12-10;10:15:00;10097;74;27;Kleine Zilverreiger;2;0;0;False;False;;;;;;;;;2003;285;;;;;;1065953700;1065953700
4670308;2003-12-10;10:15:00;10097;74;29;Blauwe Reiger;10;0;0;False;False;;;;;;;;;2003;285;;;;;;1065953700;1065953700
4670303;2003-12-10;10:15:00;10097;74;45;Grauwe Gans;6;0;0;False;False;;;;;;;;;2003;285;;;;;;1065953700;1065953700
4670304;2003-12-10;10:15:00;10097;74;100;Sperwer;1;0;0;False;False;;;;;;;;;2003;285;;;;;;1065953700;1065953700
4670299;2003-12-10;10:15:00;10097;74;101;Buizerd;3;0;0;False;False;;;;;;;;;2003;285;;;;;;1065953700;1065953700
4670315;2003-12-10;10:15:00;10097;74;141;Bontbekplevier;1;0;0;False;False;;;;;;;;;2003;285;;;;;;1065953700;1065953700
4670305;2003-12-10;10:15:00;10097;74;145;Goudplevier;341;0;0;False;False;;;;;;;;;2003;285;;;;;;1065953700;1065953700
4670311;2003-12-10;10:15:00;10097;74;167;Watersnip;7;0;0;False;False;;;;;;;;;2003;285;;;;;;1065953700;1065953700
4670313;2003-12-10;10:15:00;10097;74;175;Wulp;6;0;0;False;False;;;;;;;;;2003;285;;;;;;1065953700;1065953700
4670320;2003-12-10;10:15:00;10097;74;196;Zwartkopmeeuw;1;0;0;False;False;;;;;;;;;2003;285;;;;;;1065953700;1065953700
4670302;2003-12-10;10:15:00;10097;74;232;Holenduif;3;0;0;False;False;;;;;;;;;2003;285;;;;;;1065953700;1065953700
4670284;2003-12-10;10:15:00;10097;74;233;Houtduif;62;0;0;False;False;;;;;;;;;2003;285;;;;;;1065953700;1065953700
4670312;2003-12-10;10:15:00;10097;74;261;Grote Bonte Specht;1;0;0;False;False;;;;;;;;;2003;285;;;;;;1065953700;1065953700
4670293;2003-12-10;10:15:00;10097;74;268;Veldleeuwerik;174;0;0;False;False;;;;;;;;;2003;285;;;;;;1065953700;1065953700
4670301;2003-12-10;10:15:00;10097;74;271;Boerenzwaluw;1;0;0;False;False;;;;;;;;;2003;285;;;;;;1065953700;1065953700
4670319;2003-12-10;10:15:00;10097;74;275;Duinpieper;1;0;0;False;False;;;;;;;;;2003;285;;;;;;1065953700;1065953700
4670288;2003-12-10;10:15:00;10097;74;278;Graspieper;4265;0;0;False;False;;;;;;;;;2003;285;;;;;;1065953700;1065953700
4670678;2003-12-10;10:15:00;10097;74;287;Grote Gele Kwikstaart;11;0;0;False;False;;;;;;;;;2003;285;;;;;;1065953700;1065953700
4670294;2003-12-10;10:15:00;10097;74;289;Witte Kwikstaart;14;0;0;False;False;;;;;;;;;2003;285;;;;;;1065953700;1065953700
4670679;2003-12-10;10:15:00;10097;74;294;Heggenmus;2;0;0;False;False;;;;;;;;;2003;285;;;;;;1065953700;1065953700
4670318;2003-12-10;10:15:00;10097;74;307;Tapuit;1;0;0;False;False;;;;;;;;;2003;285;;;;;;1065953700;1065953700
4670295;2003-12-10;10:15:00;10097;74;324;Zanglijster;597;0;0;False;False;;;;;;;;;2003;285;;;;;;1065953700;1065953700
4670285;2003-12-10;10:15:00;10097;74;325;Koperwiek;2492;0;0;False;False;;;;;;;;;2003;285;;;;;;1065953700;1065953700
4670307;2003-12-10;10:15:00;10097;74;376;Pimpelmees;4;0;0;False;False;;;;;;;;;2003;285;;;;;;1065953700;1065953700
4670291;2003-12-10;10:15:00;10097;74;391;Kauw;399;0;0;False;False;;;;;;;;;2003;285;;;;;;1065953700;1065953700
4670309;2003-12-10;10:15:00;10097;74;394;Zwarte Kraai;44;0;0;False;False;;;;;;;;;2003;285;;;;;;1065953700;1065953700
4670286;2003-12-10;10:15:00;10097;74;397;Spreeuw;6334;0;0;False;False;;;;;;;;;2003;285;;;;;;1065953700;1065953700
4670296;2003-12-10;10:15:00;10097;74;400;Ringmus;14;0;0;False;False;;;;;;;;;2003;285;;;;;;1065953700;1065953700
4670287;2003-12-10;10:15:00;10097;74;402;Vink;161;0;0;False;False;;;;;;;;;2003;285;;;;;;1065953700;1065953700
4670298;2003-12-10;10:15:00;10097;74;403;Keep;17;0;0;False;False;;;;;;;;;2003;285;;;;;;1065953700;1065953700
4670314;2003-12-10;10:15:00;10097;74;404;Europese Kanarie;1;0;0;False;False;;;;;;;;;2003;285;;;;;;1065953700;1065953700
4670306;2003-12-10;10:15:00;10097;74;405;Groenling;8;0;0;False;False;;;;;;;;;2003;285;;;;;;1065953700;1065953700
4670300;2003-12-10;10:15:00;10097;74;407;Sijs;20;0;0;False;False;;;;;;;;;2003;285;;;;;;1065953700;1065953700
4670292;2003-12-10;10:15:00;10097;74;408;Kneu;13;0;0;False;False;;;;;;;;;2003;285;;;;;;1065953700;1065953700
4670317;2003-12-10;10:15:00;10097;74;426;Sneeuwgors;2;0;0;False;False;;;;;;;;;2003;285;;;;;;1065953700;1065953700
4670310;2003-12-10;10:15:00;10097;74;429;Geelgors;1;0;0;False;False;;;;;;;;;2003;285;;;;;;1065953700;1065953700
4670297;2003-12-10;10:15:00;10097;74;438;Rietgors;19;0;0;False;False;;;;;;;;;2003;285;;;;;;1065953700;1065953700
4670290;2003-12-10;10:15:00;10097;74;806;lijster spec.;10000;0;0;False;False;;;;;;;;;2003;285;;;;;;1065953700;1065953700
